CMYK,HEX,HSL,HSV,RGB,
"(0, 0.5, 0.4642857142857143, 0.1215686274509804)",E07078,"(356, 65, 66)","(356, 50, 88)","(224, 112, 120)",
"(0.4642857142857143, 0, 0.5, 0.1215686274509804)",78E070,"(116, 65, 66)","(116, 50, 88)","(120, 224, 112)",
"(0.5, 0, 0.031250000000000014, 0.1215686274509804)",70E0D9,"(176, 65, 66)","(176, 50, 88)","(112, 224, 217)",
"(0.031250000000000014, 0.5, 0, 0.1215686274509804)",D970E0,"(296, 65, 66)","(296, 50, 88)","(217, 112, 224)",
