CMYK,HEX,HSL,HSV,RGB,
"(0.08965517241379298, 0, 0.09655172413793109, 0.43137254901960786)",849183,"(116, 6, 54)","(116, 10, 57)","(132, 145, 131)",
"(0.09655172413793109, 0.08965517241379298, 0, 0.43137254901960786)",838491,"(236, 6, 54)","(236, 10, 57)","(131, 132, 145)",
"(0, 0.09655172413793109, 0.08965517241379298, 0.43137254901960786)",918384,"(356, 6, 54)","(356, 10, 57)","(145, 131, 132)",
